Src,Time,Rank,Val
华为,2021-09-27,1,地址都能录取错，中介就知道让房主降价，呵呵。
华为,2021-09-26,1,为什么能精准打电话过来，后台窃取个人隐私可耻吧
华为,2021-09-19,2,链家还不如小公司，看房麻烦，套路还多，花了好多冤枉钱，在也不进链家买卖了😭太坑了
华为,2021-09-13,1,一登录浏览房源信息就会有人给你打电话 容易泄露隐私
华为,2021-09-07,1,关注小区—新上房源—点击观看后红色提示不消失，更新几版都不改，我怎么知道又上新没有，还有小区成交记录也没有了，你们就这么整吧
华为,2021-09-03,1,老是弹一些乱七八糟的，以前那样单纯卖房子多好。越来越花里胡哨的
华为,2021-08-31,1,为什么我换个城市就没用租房了？只有卖方的选项，租房的按钮呢？凭什么换个城市就没了，体验极差
华为,2021-08-05,2,广告太多，关了也没用
华为,2021-07-26,5,真实房源，贴心服务，就是中介费有点高。
华为,2021-07-12,2,基本城市都搜不到什么破软件
华为,2021-07-10,5,该app房源很全，价格比较公道，操作便捷。
华为,2021-07-04,2,有时候打开直接白屏。需要退出才能打开？
华为,2021-06-30,3,点击保存二维码并扫描没有反应
华为,2021-06-27,2,这个软件是真的很让人心烦，VR画质那些倒是挺不错，但是点开新房，查看楼盘，想点进去看看房子那些就打不开了是怎么回事？
华为,2021-06-27,2,这个软件是真的很让人心烦，VR画质那些倒是挺不错，但是点开新房，查看楼盘，想点进去看看房子那些就打不开了是怎么回事？
华为,2021-06-03,1,根本搜不到我想去的城市，城市选择不全
华为,2021-06-02,1,那个免打扰模式为什么不能设置，点都点不了，e
华为,2021-05-08,4,为啥没有历史成交信息。
华为,2021-05-07,4,vr功能非常实用
华为,2021-05-07,4,vr功能非常实用
华为,2021-04-27,1,"小区在广东，开发商和物业公司，各类收费全都是错的。

广东呐，小区详情里面居然有取暖费。这不搞笑呢吗？！！"
华为,2021-04-26,1,嗯，还没登录就是中介电话，倒卖信息一把好手
华为,2021-04-21,1,刚刚注册登录，立马就有人打电话来问是不是要买房。不想被骚扰的，慎用。
华为,2021-04-10,5,房源真实，还有3D全景看房，很方便。链家的门店经纪人也很热情，专业度真是行业第1
华为,2021-04-07,3,为什么看不到历史成交记录了？
华为,2021-04-06,1,得了，还不如58跟安居客
华为,2021-04-06,1,得了，还不如58跟安居客
华为,2021-04-05,5,好用，方便，信息全
华为,2021-04-05,5,好用，方便，信息全
华为,2021-04-03,5,今年通过链家平台置换了一套三居室的，其他平台信息太少，还是这里房源多
华为,2021-03-31,1,"体验感太差不如贝壳，比起58同城安居客
那是差老远了"
华为,2021-03-29,1,隐私泄露，疯狂打电话
华为,2021-03-28,1,奉劝大家不要在链家租房，我是深有体会，我在上海普陀长征租的房子，每个月5600的房租，结果管家的服务是一塌糊涂。
华为,2021-03-28,1,奉劝大家不要在链家租房，我是深有体会，我在上海普陀长征租的房子，每个月5600的房租，结果管家的服务是一塌糊涂。
华为,2021-03-27,5,本人有购房需求，大部分房源都有全景，可以清晰的看出房源详细情况，价格也接地气
华为,2021-03-25,5,房源很多，经纪人根据预算推荐的项目也很靠谱，有几套在考虑中了，棒棒的！！
华为,2021-03-25,5,房源很多，经纪人根据预算推荐的项目也很靠谱，有几套在考虑中了，棒棒的！！
华为,2021-03-25,1,呵呵，这里刚下载登录，隔天好多中介电话就打来了
华为,2021-03-25,1,呵呵，这里刚下载登录，隔天好多中介电话就打来了
华为,2021-03-24,5,房源多，租金更划算，太适合上班一族找房啦
华为,2021-03-23,5,买房卖房就用链家
华为,2021-03-23,5,买房卖房就用链家
华为,2021-03-22,1,恶心死了，怎么定位都找不到，就是要授权授权，挂信息，自己搜小区都搜不到，要你何用，装饭？
华为,2021-03-19,5,用了很多年了，比较实用，这几年租房买房都是通过链家搞定的
华为,2021-03-18,5,挺好的，很方便，服务很好，看了好几套房终于选到满意的了
华为,2021-03-18,5,过完年回来上班，看房看了一个多月，终于找到个自己喜欢的房子
华为,2021-03-18,5,很多房源供你选择，很不错，手机就可以操作
华为,2021-03-17,1,电话骚扰不断，哄抬房价
华为,2021-03-17,1,电话骚扰不断，哄抬房价
华为,2021-03-17,1,为什么我刚浏览完一个楼盘立马就有售楼顾问打给我？他是如何获取我浏览了哪里的楼盘且知道我的电话呢？App里找不到隐私方面的设置。
华为,2021-03-17,1,为什么我刚浏览完一个楼盘立马就有售楼顾问打给我？他是如何获取我浏览了哪里的楼盘且知道我的电话呢？App里找不到隐私方面的设置。
华为,2021-03-16,2,在咨询链家对客户个人隐私信息管理有什么管控措施或者制度处罚等时，告知需要自己跟进关注，如有情况自己去报警。如果是这样管理客户隐私，请问如果有投诉发生，造成中介人员不满，客户如何维护自身利益？（PS：不敢投诉了）
华为,2021-03-16,1,发布的房源直接分配给经纪人，无法在链家网上展示。要想在链家网上把房子租出去是不可能的。
华为,2021-03-15,1,哦，才聊了两个托管，骚扰电话就打来了是吧
华为,2021-03-15,5,随便看看挺方便的
华为,2021-03-15,5,随便看看挺方便的
华为,2021-03-14,1,在线问永远无应答
华为,2021-03-14,1,在线问永远无应答
华为,2021-03-11,1,我的城市怎么没有房源信息，发现很多三四线的城市都没有房源。
华为,2021-03-11,1,我的城市怎么没有房源信息，发现很多三四线的城市都没有房源。
华为,2021-03-11,1,我对链接的邹瑞玲很不满，服务态度很差，心胸狭窄，业务没做成就要骂客户
华为,2021-03-10,5,房源真的非常多，网站的租金要比其他网站上便宜，在房产业知名度也高，感觉租房很放心；
华为,2021-03-10,5,房源真实可靠，价格也是实实在在不标虚价，不像**客全是虚低价，诱骗客户
华为,2021-03-09,5,房源很多，相信能找到适合自己的。
华为,2021-03-08,5,真的挺好用的，还有推荐，有指导，让我们心里有谱。强烈推荐！！！
华为,2021-03-07,1,用户信息全部泄露，登录后浏览房子信息，中介电话狂轰乱炸，工信部看来你是没放在眼里啊？！
华为,2021-03-07,1,用户信息全部泄露，登录后浏览房子信息，中介电话狂轰乱炸，工信部看来你是没放在眼里啊？！
华为,2021-03-06,1,说实话对小区门口链家太失望了，之前住市区对链家影响很好，觉得可信，买房卖房都是找的链家，但是搬到松江后感觉同润小区门口链家做的太差了，各方面都感觉是加盟店，完全颠覆了我对链家的认识，要是未来选择再换房估计会考虑傍边的太平洋房产，或者还是找之前市区链家的经纪人， 不知道这样的点评能否让链家总部的人关注一下。这个差评只针对链家同润店，当然此点评也有具体发生在自己身上的事情。
华为,2021-03-06,1,说实话对小区门口链家太失望了，之前住市区对链家影响很好，觉得可信，买房卖房都是找的链家，但是搬到松江后感觉同润小区门口链家做的太差了，各方面都感觉是加盟店，完全颠覆了我对链家的认识，要是未来选择再换房估计会考虑傍边的太平洋房产，或者还是找之前市区链家的经纪人， 不知道这样的点评能否让链家总部的人关注一下。这个差评只针对链家同润店，当然此点评也有具体发生在自己身上的事情。
华为,2021-03-05,5,买房找房可以，找新房方便
华为,2021-03-04,4,真实房源这块，比其他平台靠谱，但是APP更新太频繁了，很烦这个。
华为,2021-03-04,1,搬家输地址的真的有病，非得地图选，门牌号都选不了
华为,2021-03-01,3,很多地区都搜索不到
华为,2021-02-26,1,软件做的不行，卡的很
华为,2021-02-26,1,软件做的不行，卡的很
华为,2021-02-26,5,软件不错，欢迎大家前来使用，谢谢
华为,2021-02-26,5,软件不错，欢迎大家前来使用，谢谢
华为,2021-02-25,5,感觉还可以，不知道价格是否有虚报！
华为,2021-02-25,5,感觉还可以，不知道价格是否有虚报！
华为,2021-02-24,2,租房的假房源还是偏多，各个中介为了竞争想尽办法上传假房源
华为,2021-02-24,5,很多房源信息，客服很耐心，找中介的好帮手了，可以下载！
华为,2021-02-22,4,数据比较全，及时更新，使用方便
华为,2021-02-22,4,数据比较全，及时更新，使用方便
华为,2021-02-21,2,不明码标价，服务费，租的长短，2100的房子打电话涨到3000。能不能标好价格，视频房子就标视频房的价格，什么房子标什么价格，不算服务费涨幅300我都能接受，不差钱但是生气
华为,2021-02-21,2,不明码标价，服务费，租的长短，2100的房子打电话涨到3000。能不能标好价格，视频房子就标视频房的价格，什么房子标什么价格，不算服务费涨幅300我都能接受，不差钱但是生气
华为,2021-02-21,1,什么软件，乱七八糟
华为,2021-02-20,5,真房源，房价房东定，新房要学习，我真的想不出济南链家有什么黑点，有黑点跟我说我去看一下
华为,2021-02-20,5,真房源，房价房东定，新房要学习，我真的想不出济南链家有什么黑点，有黑点跟我说我去看一下
华为,2021-02-19,3,怎么调整成没有历史房价升价降价变化！两月前有，怎么没了？？？太不方便了！
华为,2021-02-19,5,很好很良心，良心企业
华为,2021-02-19,5,很好很良心，良心企业
华为,2021-02-18,5,二手房源真的很多，终于在年底买到了自己心仪的房子，开春就装修
华为,2021-02-17,1,升级后，查成交没有了，可恶！房天下有。
华为,2021-02-15,4,为什么去掉了最重要的信息，历史成交？
华为,2021-02-15,4,为什么去掉了最重要的信息，历史成交？
华为,2021-02-10,5,挺好的，买房之前先和职置业顾问聊了很多，感觉很专业，看房子也很方便
华为,2021-02-08,1,全北京都没有合租房信息？？？那还咋用你？！
华为,2021-02-08,1,全北京都没有合租房信息？？？那还咋用你？！
华为,2021-02-07,5,挺好的，就是今天才刚下载看了看房源，就陆陆续续有中介电话打进来了……
华为,2021-02-07,5,相比某个客，房源更加真实，体验感更好(✪▽✪)！
华为,2021-02-07,2,我不明白为什么平台随随便便就把我的电话给了中介，，，，我只是看了一下房产信息，电话就打过来了。难道客户信息不属于隐私么？？？？？
华为,2021-02-05,1,房源少！业务员也不负责！
华为,2021-02-02,1,为什么把历史成交记录不显示了？说好的公开透明，现在玩这种把戏？
华为,2021-02-02,4,我们小县城的楼房没有信息
华为,2021-01-30,1,一个劲打电话骚扰，服了
华为,2021-01-30,1,"打开看一下，立马有人打电话过来了
我真是服了"
华为,2021-01-30,1,超级难用的APP，只要把你的房子房在这个平台里，莫名其妙一天有十几二十个中介给你打电话不停骚扰你，只要你敢把中介电话拉黑，平台就下架你的房产，真的是，恶心，一分也不想给
华为,2021-01-29,1,升级后，查成交没有了，可恶！
华为,2021-01-27,1,炒高房价的幕后推手，一家独大，市场垄断，希望政府相关部门出台政策遏制链家地产炒高二手房房价，哄抬市场，人为制造价格预期暴涨
华为,2021-01-26,1,已订阅搜索如何取消订阅？找遍app也没有这个选项，服气
华为,2021-01-25,5,非常棒，其他的假信息充斥，不好，才来这个。
华为,2021-01-25,5,"我租房子都是从链家找的，总体来说还是很好的，房源也很真实，就是有时候房东人不怎么样，不过这个也不能怪链家，不过还是希望有黑历史的房东你们备注一下，不要为了中介费坑房客呀。
给个差评，因为我爸爸大半夜看链家不理我(´△｀)"
华为,2021-01-23,5,相比较来说，链家还是比较靠谱的，没有那么多虚假房源，还有vr看房，方便
华为,2021-01-23,1,很卡新房板块都打不开
华为,2021-01-23,1,房源都是假的，价格也不准都没更新
华为,2021-01-22,1,昨天看完房中介说 平台规定 中介费收一个月房租（不管房租多少）  唬人呢？ 一次性买卖也不是这么做的🔨
华为,2021-01-22,1,为啥有的小区看不了，为啥成交数量外面是6，进去看是七个
华为,2021-01-22,1,为什么没有了每日成交量？
华为,2021-01-21,2,这个app使用体验太差。。收藏的房源看不到，懂不懂就网络错误。产品经理和工程师都干啥去了，朋友们把产品做好一点好吗
华为,2021-01-20,1,手机号一秒泄露，带看民工素质低，联合暴发户业主挖坑套路，群魔乱舞的，必须找中介就尽量写详细合同。
华为,2021-01-16,5,最好用的找房app
华为,2021-01-16,1,真想给这个app打负分，昨天下载，就浏览了不到一个小时南方某城房产，今天一堆打电话的，各种口音，说是贝壳找房的……事后才整明白链家和贝壳的关系。这么散播用户信息是得多没商业操守～～
华为,2021-01-16,5,第一次买房，如果其他中介，都是低价虚假房源。去了就没有了。链家还是比较靠谱的。
华为,2021-01-15,1,打开看看行情，就会有链家中介打电话过来骚扰，相当不尊重客户隐私，客户的电话号码随意泄露，这样的中介谁放心委托其买卖房屋。
华为,2021-01-13,1,宿迁不配吗都没有房屋信息
华为,2021-01-12,4,vr功能很不错，真实房源较多
华为,2021-01-12,1,总是闪退，没见过这么烂的软件
华为,2021-01-09,5,比较喜欢，没有太多虚假广告
华为,2021-01-05,3,不好用，没有商铺出租！
华为,2021-01-05,5,房源真实，服务很不错
华为,2021-01-01,1,链接中介和房东串通一气，欺骗租客，租房子时候不告诉你有净水器，退房以要给净水器换滤芯为借口扣你押金，真的无耻，祝早日倒闭
华为,2020-12-30,2,要了很多隐私权限，而且无法关闭。
华为,2020-12-29,1,不同意给你权限，你直接不让登录，难道先进去看看不香吗
华为,2020-12-29,1,举报假房源信息功能很本用不了，除了会吹牛还能干嘛
华为,2020-12-28,4,总体挺不错的，特别是地图找房功能和VR功能～希望更多增加小区环境介绍（图片），弥补线上看房不能了解小区环境的弊端。
华为,2020-12-28,5,比较喜欢，没有太多虚假广告。但愿能满足我拥有安身之地的需求
华为,2020-12-27,1,一打开封面一不正经穿衣服的孩子，长的也太丑了，都没有打开app的欲望
华为,2020-12-27,5,房子真实，节省时间
华为,2020-12-27,5,房子真实，节省时间
华为,2020-12-25,5,看着这房子还挺优秀的
华为,2020-12-21,1,上面租期1～12个月 过去一问1年起租 耍我玩？
华为,2020-12-20,1,如果有负分我肯定给打负分，房子租了两个月到现在不给我合同，只给复印件，后来又让我签第二次合同，合同编号都不一样的。还是我自己百般力争拿到了合同，结果是没有房东签字的，仍然属于无效。打给链家网投诉，那边也是谎话连篇，对链家一生黑，祝早日倒闭。
华为,2020-12-18,1,"我在链家经纪人那留了手机，姓杨（实际不是），一天内几乎所有保险和银行都给我手机打电话，开口就是：
杨先生，您好。。。"
华为,2020-12-11,1,一用链家，信息全泄露，xxxxxx！
华为,2020-12-09,5,上海链家新房置业顾问，随时随地带您看房买房，有需要的联系我。vx:REEF1102
华为,2020-12-08,1,注销账号注销不了，沒客服
华为,2020-12-07,2,VR和房源不一致，出现bug了，需要修复
华为,2020-12-07,4,"vr功能好强大，有身临其境的感觉！
好多房源信息不完整，影响使用！"
华为,2020-12-07,5,最好用，最有效的找房软件。
华为,2020-12-06,5,信息量很大，使用很方便。
华为,2020-12-05,1,这个软件做的，，，收藏不了啊，user token  not find? 登录状态明明在的啊，，，，！，，，，，，
华为,2020-12-04,2,APP总是打开以后一片空白
华为,2020-11-29,1,非常不专业，经纪人态度素质都很差，电话轰炸骚扰，放业主鸽子是家常便饭，处理客服投诉的态度和水平也是很差，绝对的差评，再也不会用链家。
华为,2020-11-28,1,泄露隐私，登录浏览了以后，隔天就有人电话打过来问了要不要买房，第二天又有不同的人打过来电话，无语。。。。。
华为,2020-11-28,1,茂名这么大城市没有显示
华为,2020-11-24,1,里面的房源贼贵，116平的临近地铁房就要八九千一个月，怎么不去打劫抢银行，差评，还不如其他网站。浪费表情。
华为,2020-11-24,1,我为什么没找到在哪租房
华为,2020-11-22,2,好多地方没有，房源不多
华为,2020-11-17,1,"1.评分混乱
2.标签混乱
3.作风官僚"
华为,2020-11-17,1,必看好房评分很乱
华为,2020-11-17,1,"1.评分混乱
2.标签混乱
3.作风官僚"
华为,2020-11-16,3,链家房源要比58和安居客真实一点，但是有很多其他收费在里面，什么服务维修家具家电，保洁卫生费等，一个房间每月必交60—180不等，这就是纯粹的变相收费。谁家家具家电每个月坏？又不是酒店需要保洁来打扫卫生吗？安全吗？只要一家公司有这样那样的收费其他公司平台也就跟着搞这样那样的收费，一下就把一个行业搞得乌烟瘴气，把最初的服务宗旨都搞坏了，心不正何以为纵生服务，这都是在造恶业
华为,2020-11-16,1,"好的 特地下载回来给差评的
我无语了 链家上的人找自如的房子给我 算租金的时候管家自己都算不清楚，说好的优惠租了之后就不一样了 门禁卡我自己去办就算了（一开始只发现其中一张用不了 管家让我自己去办 后来发现好几个都用不了） 结果物业说我手上其他卡都是伪造的（之前管家给的） 结果揪着我让我全部重新办 然后我找链家当时带我看的管家问怎么办 推卸责任让我找自如APP上的管家 找了自如APP上的又让我找链家上的 反正就踢皮球呗 处理结果就是让我自己全部去搞 那我交服务费是干嘛的？"
华为,2020-11-15,1,"1.评分混乱
2.标签混乱
3.作风官僚"
华为,2020-11-15,1,好家伙，城市缺这么多，你做什么软件，光江苏就缺扬州、泰州、宿迁。。
华为,2020-11-14,5,信息很全，3D几乎每个找的房子都有，很方便，小区房源很全，就是标价有点虚高，总体很完美
华为,2020-11-12,1,好多城市都没有，城市都能不全你还出什么
华为,2020-11-10,1,请问 租房入口在哪里？
华为,2020-11-08,4,不错的
华为,2020-11-06,1,跟个苍蝇似的烦人
华为,2020-11-05,1,成交过的记录查不了
华为,2020-11-03,5,棒
华为,2020-11-03,5,很好，很实用
华为,2020-11-01,5,不错的软件
华为,2020-10-29,1,骗子，不知道怎么会被添加了半个月前的实地看房记录，并未收到任何联系，并未去看
华为,2020-10-27,5,好用，可以先从找到大方向，再实地考察
华为,2020-10-25,1,一分都不想给！！注销账号入口都没有
华为,2020-10-24,1,这么大软件，还写错别字，济南没有世界大道，只有世纪大道！我也没有反馈的地方，在这里来个差评，看看有人联系我吗
华为,2020-10-23,3,希望能够添加个人业主发布合租消息，不应该针对个人不给发布，而给商家发布，既然能有合租信息，就应该一视同仁！！！！
华为,2020-10-23,5,挺好的，房源真实，没有重复，VR展示。
华为,2020-10-22,1,乱推送个人信息，刚登一下，立马有中介电话打过来
华为,2020-10-22,4,好用
华为,2020-10-20,4,总体使用感觉挺好的，目前来说这个算是此较真实、详细，且没有重复的平台，希望越做越好！
华为,2020-10-20,1,泄露隐私，一天二三十个电话
华为,2020-10-19,1,经纪人和房东一起欺压租客，提前退租的时候想按照合同主动承担违约金，但是无良房东和那些不讲道理的经纪人都说这样还不够还不行，还要求租客多出几千块钱的租金。经纪人还态度很嚣张地说你懂法吗？你是学法律的吗？
华为,2020-10-18,5,非常好！看房很方便！
华为,2020-10-18,5,好用，可以筛选的条件很多
华为,2020-10-16,5,很不错的一个软件，为我们方便了很多，特别是那个VR设计，感觉好高科技好方便！
华为,2020-10-14,3,配图多配几张会死啊？
华为,2020-10-14,1,完全打不开啊，程序员在想什么
华为,2020-10-14,5,挺好的软件
华为,2020-10-13,3,为啥这软件上有些市找不到？比如南站市信阳市没有？
华为,2020-10-10,1,非常不满意
华为,2020-10-09,3,更新后搜索租房不能看到房子离地铁站多远了。很不方便，也无法返回到上一个版本，希望尽快恢复
华为,2020-10-09,1,太次了，泄露用户个人信息，每天受到电话骚扰，挂的租房信息完全没用，而且各种信息严重滞后，这都好说，主要是每天被骚扰，大家可以一定要谨慎下载
华为,2020-10-09,1,有吉林没白山……呵呵
华为,2020-10-08,5,信息准确，看房方便
华为,2020-10-07,1,整个平台不给新疆人租房  尤其是不给新疆人租房  有严重的民族歧视
华为,2020-10-06,1,太烂了，天天骚扰电话
华为,2020-10-06,1,不是吧，下载后发现，并不是所有城市都是房源？？？？
华为,2020-10-05,5,还不错
华为,2020-10-04,2,泄露客户手机号，只要在链家上浏览了房子，就会有不明电话打过来，问是不是要买某小区的房子，严重泄露手机号。差评。
华为,2020-10-04,5,好用，链家口碑一直不错
华为,2020-10-03,5,不错的软件，功能很全！
华为,2020-10-03,5,挺好用
华为,2020-10-02,5,还是很不错的APP
华为,2020-09-30,5,还可以，加油吧
VIVO,2021-09-25,1,怎么收个验证码这么费劲！
VIVO,2021-09-18,1,现在经常植入其他软件，体验感太差了，这是资本化了吗？
VIVO,2021-09-12,1,很差，为什么很多城市没有，朝阳市，葫芦岛市鞍山市都没有
VIVO,2021-09-11,1,房源太少了，还不如安居
VIVO,2021-09-04,2,"房源少、易卡顿、地区覆盖不全面
一般吧"
VIVO,2021-08-28,1,之前注册了链家一直没用，现在想换房，昨天在链家上联系了2个管家看房以后，就开始一直收到有人加好友的信息，今天都开始直接打电话了，不能有选择可以用户自己把信息屏蔽吗
VIVO,2021-08-27,1,很多市级单位都没有，更别说县级单位了，这不是普通平凡人可以借鉴的
VIVO,2021-08-20,2,"你把看到的租金×2就是他的真实租金
🙃"
VIVO,2021-08-15,1,北京西三旗育新花园店经纪人态度恶劣，骂人。
VIVO,2021-08-12,1,链家就是忽悠大部队，小心上当！买房不可能经常买，套路买房人就很简单了！
VIVO,2021-08-12,1,多来21看房真事不贵不骗人
VIVO,2021-08-11,5,租房很方便，态度好！但有钱还是要努力买房，不要追求一步到位。
VIVO,2021-08-08,1,中介费要给一个月房租，太牛批了，一个月房租几千给中介，实在租不起！
VIVO,2021-07-30,1,"给所有找链家和用贝壳租房的提个醒,贝壳网络上的房间照片是有美化的,画面更干净,更亮,更新,比实物好的,你退房时,链家会拿这个美化的照片,让你保持原样呵呵"
VIVO,2021-07-20,4,看起来不错就是不知道真假
VIVO,2021-07-18,1,广发的管家态度超横，半夜不让锁门，差劲
VIVO,2021-07-17,5,这个可以推荐，能用
VIVO,2021-07-15,1,浏览信息的时候，卡住，无法查看全部信息
VIVO,2021-07-14,3,推荐的房源都不太好
VIVO,2021-07-14,3,推荐的房源都不太好
VIVO,2021-07-13,1,看着就怕怕的还是去闲鱼吧，再见🙂🙂
VIVO,2021-07-13,1,属实一个中介软件，房源还多数不都不咋滴。
VIVO,2021-07-10,1,一颗都不想给
VIVO,2021-07-05,2,现在的骗子套路就是多啊
VIVO,2021-07-03,1,很多地方都没有开通，无语
VIVO,2021-06-28,3,只有整租 没合租，整租太贵了
VIVO,2021-06-27,1,暴露本人信息
VIVO,2021-06-25,5,找房子超级厉害
VIVO,2021-05-30,1,没有租房
VIVO,2021-05-30,1,啥都没动就有人加微信，打电话了，泄露个人信息太快了吧
VIVO,2021-05-25,5,真实房源，
VIVO,2021-05-24,1,"业务员和管家说的根本不一样
押一付一情况下 
（交房租）业务员给我说要提前四到五天交房租 而且管家却说提前十五天
（退租）退租这边是违约金问题业务员是这样说的退租违约 是压的房租不退 这边管家却说 压的房租不退 然后再补一个月房租给管家
一般情况是业务员和你说的 沟通好所以说才签的合同 签完合同后管家说的又不一样 这边是业务员和管家不熟悉 业务员不熟悉合同
总结出来二点
第一点 怪自己没有看清合同（租金 转租 退租）看清
第二点 业务员不熟悉流程（合同 退租）等等
总知是被坑了 愿广大毕业生暑假工 看清合同 最好找到真实房东租"
VIVO,2021-05-13,1,呵，就一中介软件
VIVO,2021-05-13,5,gpgG91👊💪
VIVO,2021-05-07,1,房源少，城市更少
VIVO,2021-05-06,1,没开通本地城市
VIVO,2021-05-03,3,我手机王者都干的挺溜的但是这个总是闪退，安装好根本没打开，，，，
VIVO,2021-04-29,5,很智能很方便
VIVO,2021-04-29,1,不太好，链家跟其它中介一样
VIVO,2021-04-27,1,没有我要找的城市
VIVO,2021-04-24,4,c
VIVO,2021-04-22,1,感觉不好用
VIVO,2021-04-18,3,建议可以增加一下房屋评价功能
VIVO,2021-04-06,1,搞臭市场，哄抬房价，中介费还二点七，店大欺客！
VIVO,2021-04-05,1,很差  动不动就来电话  把房价都抬高   还要两个点中介费
VIVO,2021-03-29,1,链家在搞鬼，挂高房源，吸引房东去挂，别的中介，随便问一个别的中介同一个房源都比它便宜，中介费还得2个点，太恶了
VIVO,2021-03-22,5,好用
VIVO,2021-03-22,5,呃呃呃呃呃呃
VIVO,2021-03-20,1,烦死了，经纪人一直打电话，之前用别的软件就没有这个情况
VIVO,2021-03-19,1,很差劲
VIVO,2021-03-19,5,真房源，还得找链家
VIVO,2021-03-12,1,虚假房源
VIVO,2021-03-10,1,看房子还必须登录
VIVO,2021-03-02,1,什么破玩意！好多城市都没有！三线城市！地级市都没有？玩呢！！！！
VIVO,2021-03-01,1,没有租房。
VIVO,2021-02-28,3,咨询一个经纪人，另一个马上打电话过来，烦死了
VIVO,2021-02-28,3,咨询一个经纪人，另一个马上打电话过来，烦死了
VIVO,2021-02-26,1,呵呵，没有覆盖
VIVO,2021-02-26,3,我家乡这么偏僻吗？连梅州都没有(╥╯^╰╥)
VIVO,2021-02-26,3,我家乡这么偏僻吗？连梅州都没有(╥╯^╰╥)
VIVO,2021-02-24,1,城市太少，
VIVO,2021-02-22,5,不错不错
VIVO,2021-02-22,5,所有买房软件里最好的
VIVO,2021-02-21,5,刚下载，感觉挺好
VIVO,2021-02-21,5,刚下载，感觉挺好
VIVO,2021-02-21,2,没感觉有多么好，租个房，问经纪人都爱答不理的，笑话
VIVO,2021-02-16,1,为什么没有云南呢
VIVO,2021-02-16,1,为什么没有云南呢
VIVO,2021-02-07,1,太差劲
VIVO,2021-02-07,1,太差劲
VIVO,2021-02-04,5,好
VIVO,2021-01-30,5,不错
VIVO,2021-01-29,5,不错
VIVO,2021-01-29,5,不错
VIVO,2021-01-29,5,不错
VIVO,2021-01-24,1,能不能不要骗人，中介费高的离谱就，真差劲
VIVO,2021-01-24,5,房源真实，详细
VIVO,2021-01-21,2,新的版本卡的一比
VIVO,2021-01-17,5,贝壳链家，都是真房源，别的软件房价比他便宜，但是一问，他们就说房子不卖了，还有的已经到小区门口了，才说已经卖掉了。
VIVO,2021-01-12,1,链家真的是很坑，经纪人看房的态度和售后态度差距太大，以为自己是连锁店，什么都是标准的，实际上收费标准乱的很，中介费还那么贵，真的不值，我朋友和我买的房子总价差不多，我买成98万，她买成95万，我的贷款服务费10000多，我朋友的贷款服务费只有2000，差距太大了，以后要买房千万不要找链家，不要以为链家很正规，其实一样的，还不如其他中介，不仅中介费低，服务也好，联系链家，还很了不起的样子，去找总部。
VIVO,2021-01-06,5,书香亭小区115楼的维护人 还是挺负责任的 虽然 种种原因 给我换了几个维护人 但是他们对业务都很熟练 给他们加十分。
VIVO,2021-01-06,5,书香亭小区115楼的维护人 还是挺负责任的 虽然 种种原因 给我换了几个维护人 但是他们对业务都很熟练 给他们加十分。
VIVO,2021-01-01,1,没开通城市  差评
VIVO,2020-12-30,5,非常不错，房源充足并且都是真实的，工作人员也很好，晚上十一点了还回复消息。棒棒哒
VIVO,2020-12-20,1,质量很差的软件，大家内容也够呛。使用体验很糟糕。
VIVO,2020-12-17,1,小贝讲房闪退
VIVO,2020-12-11,1,很差，什么都没有开通，一个房子都没有，醉了，浪费流量
VIVO,2020-12-10,1,有病，城市没开通
VIVO,2020-12-10,1,全是中介 而且价格也贵 完犊子
VIVO,2020-12-07,1,没有平顶山的地址
VIVO,2020-12-07,1,没有平顶山的地址
VIVO,2020-12-04,1,全是中介🤬
VIVO,2020-11-26,5,很好用
VIVO,2020-11-26,5,很好用
VIVO,2020-11-26,5,很好用
VIVO,2020-11-23,1,说未覆盖
VIVO,2020-11-20,1,第一次登录上去了，切换了城市，结果还是显示北京的，重新登录好几次，就登录不上去啦
VIVO,2020-11-15,2,同一个房子在安居客127万，在链家135万，看我坚决卸载了。还没有做大就搞这样的事儿，太黑了
VIVO,2020-11-13,1,城市不全，呕了
VIVO,2020-11-12,1,城市没开通你标出来啊，浪费流量
VIVO,2020-11-10,5,很好
VIVO,2020-11-06,1,差劲
VIVO,2020-11-04,1,牛逼
VIVO,2020-11-04,1,牛逼
VIVO,2020-10-30,1,没有新疆的
VIVO,2020-10-27,5,都是真房源
VIVO,2020-10-21,5,下载钉钉
VIVO,2020-10-18,2,为什么租房只显示整租没有合租呀，一个月房租两三千、三四千，实在是没钱不敢租
VIVO,2020-10-17,1,太慢了。
VIVO,2020-10-11,2,为啥打不开呢，闪退
VIVO,2020-10-05,1,房源虚假，不停打骚扰电话。
VIVO,2020-10-01,5,挺好的。
VIVO,2020-10-01,5,挺好的。
OPPO,2021-09-27,1,你整租就整租，合租就合租啊，你合租的写个整租骗我干嘛？一问到就是这套房子是单间的。。哦，无语。。大家都真诚一点，少点套路不好嘛
OPPO,2021-09-21,5,很好的买房租房软件
OPPO,2021-09-16,1,链家软件打不开
OPPO,2021-09-15,5,链家还是服务好，值得信任
OPPO,2021-09-11,1,太不好用了，叫样板间都没几个
OPPO,2021-09-05,5,真的不错，看妹这里头像，里面都是开放那种，不在孤独
OPPO,2021-09-04,5,不错，起码真房源
OPPO,2021-08-29,1,最垃圾的app没有之一 ！！莫名其妙的耗了我100m流量 你一个租房app弄NM这么多流量做什么???活该你们总裁死了！！！
OPPO,2021-08-28,5,非常棒的软件，操作简单方便
OPPO,2021-08-26,1,只浏览了一次就收到中介的电话，请问中介是如何获取到电话的？
OPPO,2021-08-25,5,每天都在用，最好的二手房APP，功能齐全好用，房源真实
OPPO,2021-08-23,5,每天都在用，最好的二手房APP，功能齐全好用，房源真实
OPPO,2021-08-13,1,有的中介真的强，上来爱搭不理的就算了还开始骂
OPPO,2021-08-09,1,很差很差很差很差
OPPO,2021-08-07,1,无语，没有我们这个城市
OPPO,2021-08-04,5,便捷、迅速！看房方便，搜索结果全，人员回复也及时！
OPPO,2021-08-02,1,一星都不想给，体验感非常差
OPPO,2021-07-21,5,服务热情周到，解决细致，好评
OPPO,2021-07-10,1,太垃圾  一注册就各种电话就来了  大家莫入坑
OPPO,2021-07-10,1,太垃圾  一注册就各种电话就来了  大家莫入坑
OPPO,2021-07-10,5,悄悄的给你说，这个特别好玩哦，适合晚上一个人，好看，好用，好玩，信息很全
OPPO,2021-07-09,1,个人信息保护不严格，接到了其他的营销信息，经纪人态度不好，存在逼单情况。
OPPO,2021-07-07,5,真实，好用，五星好评
OPPO,2021-06-28,5,不错不错 只有你想不到了 个人感觉挺好，给你不一样的感受，力挺！
OPPO,2021-06-28,5,不错不错 只有你想不到了 个人感觉挺好，给你不一样的感受，力挺！
OPPO,2021-06-27,3,选择城市为啥没德州
OPPO,2021-06-27,3,选择城市为啥没德州
OPPO,2021-06-26,3,还行，中介费多了
OPPO,2021-06-26,3,还行，中介费多了
OPPO,2021-06-26,5,"不错不错，只有你想不到了，
给你不一样的感受😍😍"
OPPO,2021-06-26,5,"不错不错，只有你想不到了，
给你不一样的感受😍😍"
OPPO,2021-06-25,1,SB，天天出错，卡机
OPPO,2021-06-25,1,SB，天天出错，卡机
OPPO,2021-06-19,1,我在上面跟他们工作人员说话，读了消息不回复，一直管我要手机号，不给就不回消息，给完他们手机号，总是来电话，中介费还高，想投诉他们经纪人，都不知道在哪里投诉，自己公司这点规章制度都没有吗
OPPO,2021-06-19,5,这个内容特丰富，你想的，妹就算很晚也陪你聊，用这个就可以約到😍😍
OPPO,2021-06-18,4,"内容特丰富，你想的，这
个简直太好了，妹这里应有
尽有，一般人顶不住😍😍"
OPPO,2021-06-16,5,不错不错不错，无马，无马
OPPO,2021-06-12,5,好用！上面找房子真的方便。
OPPO,2021-06-12,1,好多假房子，体验好差啊
OPPO,2021-06-12,5,这个不错的哦，啥都可以看，这个简直太好了，一般人扛不住！都是真实的
OPPO,2021-06-08,1,是我们城市不配了吗？都没有，都不齐全，还租房
OPPO,2021-06-07,1,"垃圾软件，一分都不想给。
在他平台找的中介收了押金竟然还管不了，中介带去看的也跟平台发布的房源完全不一样，还说什么中介带我去看的其他房源，跟他平台没有关系，责任推的一干二净，没有任何保障可言，随便什么人都可以到上面注册骗钱"
OPPO,2021-06-04,5,方便好用，人也专业
OPPO,2021-06-04,1,垃圾软件，打开软件登录无限人机验证，上面显示登录成功却一直需要人机验证，差评
OPPO,2021-06-01,5,这里，国产，无马，无马，好看的
OPPO,2021-05-30,5,非常不错的哦，啥都可以看，不穿那种的！都是真实的
OPPO,2021-05-22,4,极力推荐这个，聊天 交友 约会 各种玩法陪你玩，深夜必备！支持支持支持
OPPO,2021-05-22,1,城市都不全，你们把钱都投到哪去了？？好垃圾啊！！
OPPO,2021-05-15,5,房源信息真实，支持一下
OPPO,2021-05-15,5,"极力推荐，美女还可哟！无吗
极力推荐，美女还可哟！无吗"
OPPO,2021-05-13,5,非常好的平台，服务态度第一
OPPO,2021-05-10,5,不错吧，好看得哦，   jpnm   .  vip     无吗哦，
OPPO,2021-05-04,1,下载了但是本地区未开通
OPPO,2021-04-23,5,"这不错，想看任何都可以看，  xzhr. c c   懂想要得那种,"
OPPO,2021-04-17,5,是真的好用！界面多而不杂，可以一目了然大部分信息，还有vr建模有点小惊喜
OPPO,2021-04-17,5,我这里不错的，能悦，能看，想看哪里都让看的
OPPO,2021-04-17,5,没用过呢，试试吧
OPPO,2021-04-17,1,连城市都不全🌚🌚🌚
OPPO,2021-04-16,5,我这里不错的， xzhr . c  c    想看哪里都让看。开放那种的
OPPO,2021-04-12,5,软件很不错，下载也很快。
OPPO,2021-04-03,5,我这里不错的，zqtt.c和c   不穿那种的，开放那种啊
OPPO,2021-03-29,1,垃圾软件，大家记住柏悦的房子不要租，它们房子便宜但是售后特别差，合同也完全的霸王条款，什么提前一个月交房租什么的，物管费一下子交一年的，保洁也不好好搞，垃圾。
OPPO,2021-03-29,5,还行( ﾉД`)
OPPO,2021-03-27,1,垃圾 。。。。。。。。。
OPPO,2021-03-27,5,我这里妹妹多，还能哟跑，里面内容丰富，开放那种。
OPPO,2021-03-27,5,还可以，挺不错
OPPO,2021-03-27,5,我这里妹妹多，还能月，里面内容丰富，开放啊
OPPO,2021-03-26,3,地图看房能不能标记出限购不限购区域
OPPO,2021-03-23,1,里边的房租钱，只适合月薪过万的人租，月薪五千的就别想啦
OPPO,2021-03-22,5,我这里妹妹多，还能哟，里面内容丰富，开放
OPPO,2021-03-22,1,就只有固定城市，鞍山都没有。
OPPO,2021-03-19,5,值得信赖，很好的服务，资源广
OPPO,2021-03-17,5,想看，想聊更开放那种的交友，这里有：
OPPO,2021-03-03,5,我，这里，想看啥都行，里面妹子什么都让看
OPPO,2021-02-28,5,还行吧，比其他找房软件好很多了。
OPPO,2021-02-27,5,我，这里，想看啥都有，里面的姐姐什么都让看
OPPO,2021-02-25,5,链家推荐的房源真实，服务态度好并诚实守信。
OPPO,2021-02-25,1,，透露个人信息
OPPO,2021-02-25,5,好，十分给力，好评
OPPO,2021-02-19,5,好好高好高好好
OPPO,2021-02-18,1,大部分城市都没有，垃圾
OPPO,2021-02-16,1,一共就那几个城市。很多城市都没有。真垃圾。这是我用过最垃圾的找房软件！
OPPO,2021-02-13,5,我，这里，想看啥都有，这里的姐姐什么都让看
OPPO,2021-02-13,5,很好耐心，细致，周到
OPPO,2021-02-05,1,啥也不是。。。。
OPPO,2021-02-03,5,挺好用的，房源真实
OPPO,2021-02-01,1,很多城市没有  。。。。。
OPPO,2021-01-29,5,每天都会打开看看很有意思
OPPO,2021-01-22,1,链家服务态度真的很不好，气死我了 再也不敢相信链家了。
OPPO,2021-01-21,5,看图买房模块，很好
OPPO,2021-01-20,1,啥破玩意，我前男友人品差到不行（分手两个月就跟别的女的同居，现在的女朋友还不是同居的那个），这样的都能应聘上，真是垃圾
OPPO,2021-01-16,1,差评，有假房源
OPPO,2021-01-15,1,咨询问题都没有回复
OPPO,2021-01-10,1,电话是天天打，好烦
OPPO,2021-01-03,1,中介费那么贵，其实就是二锅头兑的那个白开水
OPPO,2020-12-26,5,大公司，值得信赖
OPPO,2020-12-22,1,啥破玩意，低楼层，高楼层，你就说几楼不就完了吗
OPPO,2020-12-21,5,方便快捷很方便快捷
OPPO,2020-12-20,5,不错，相信链家
OPPO,2020-12-18,1,链家业务员私自收钱，之后就联系不上了，态度十分恶劣
OPPO,2020-12-02,3,确实只有小部分地区
OPPO,2020-12-02,3,确实只有小部分地区
OPPO,2020-12-01,1,就这个泄露信息的速度也就值这个分了
OPPO,2020-12-01,1,就这个泄露信息的速度也就值这个分了
OPPO,2020-11-26,3,业务员着急要号码
OPPO,2020-11-25,1,管理一下引入的中介吧，有些中介真的黑心
OPPO,2020-11-21,5,业务熟练，介绍房型专业。服务态度热情。赞
OPPO,2020-11-19,5,挺好用的，想要买房的话，建议使用这个
OPPO,2020-11-17,3,租房上链家。。。
OPPO,2020-11-17,3,租房上链家。。。
OPPO,2020-11-16,2,什么啊？定位都定不准！
OPPO,2020-11-16,2,什么啊？定位都定不准！
OPPO,2020-11-16,1,看起来不太好，先给一个差评再说
OPPO,2020-11-13,5,服务周到，工作认真，很优秀。
OPPO,2020-11-13,5,很好用，房源真实，经纪人专业
OPPO,2020-11-13,5,很好用，房源真实，经纪人专业
OPPO,2020-11-12,1,垃圾软件，找的房子都没有，骗人不偿命
OPPO,2020-11-04,5,好的推荐一下呗
OPPO,2020-10-24,5,性价比很是很行的
OPPO,2020-10-22,2,软件哪里都好，链家的房源真实但是VR看房经常崩溃，重装都没法恢复正常，太生气了。
OPPO,2020-10-17,4,oppo reno 3 pro，系统大号字体时，VR界面会超出屏幕范围。另外VR界面方向无法跟随系统锁定方向，希望尽快修复。
OPPO,2020-10-17,4,oppo reno 3 pro，系统大号字体时，VR界面会超出屏幕范围。另外VR界面方向无法跟随系统锁定方向，希望尽快修复。
小米,2021-09-27,5,好评
小米,2021-09-26,1,下架个房源麻烦的很
小米,2021-09-24,4,中介费贵的离谱，不过软件很好用
小米,2021-09-24,3,好好
小米,2021-09-23,4,还行
小米,2021-09-20,1,下架个房源打了好几个电话都没处理
小米,2021-09-17,1,一点都不好用
小米,2021-09-11,5,好喜欢
小米,2021-08-19,1,强制要点评的结果
小米,2021-08-19,1,城市不全的呀
小米,2021-08-12,1,"完全不好用
"
小米,2021-08-08,5,还是得链家
小米,2021-08-06,5,真实房源，靠谱
小米,2021-08-03,5,挺好的
小米,2021-07-29,1,不好用
小米,2021-07-27,5,还行
小米,2021-07-25,1,侵犯我隐私，老给我打电话
小米,2021-07-24,1,要关注房源的时候一直提醒重新登录，可我的网根本没有问题，也登录了
小米,2021-07-24,1,要不是不能一星，我肯定给你，浪费时间，已经没有的信息都不更新，浪费我油费
小米,2021-07-22,5,真实
小米,2021-07-21,1,只能给个差评了
小米,2021-07-18,5,挺好用，有很多人性化功能
小米,2021-07-16,1,差评
小米,2021-07-16,5,找房很方便，服务很到位
小米,2021-07-09,3,我家这边未开通。。。。。
小米,2021-06-29,5,好好
小米,2021-06-27,5,不错
小米,2021-06-27,1,不好用，客服根本没反应，
小米,2021-06-24,1,介绍的不详细，我看的房子没有厕所也不说
小米,2021-06-23,5,挺好
小米,2021-06-22,5,好用
小米,2021-06-21,1,极差，不时跳出一个，关也关不掉
小米,2021-06-19,1,全是骗子呀
小米,2021-06-19,3,找半天没找到租房
小米,2021-06-17,1,给我自动安装
小米,2021-06-08,5,棒棒哒
小米,2021-06-07,5,不错，不错。
小米,2021-06-07,4,挺好
小米,2021-06-01,5,还挺好用的
小米,2021-05-26,5,更新够及时
小米,2021-05-24,5,真实信息全面服务周到
小米,2021-05-24,5,好的很
小米,2021-05-23,5,好啊。方便
小米,2021-05-22,1,卸载了忘记评论，又下回来评论，只有中介没有直租。
小米,2021-05-19,1,没有平阳的  没有平阳的
小米,2021-05-17,5,挺好的
小米,2021-05-15,5,还是比较不错的
小米,2021-05-11,5,比较靠谱
小米,2021-05-10,1,全是低价假房源，点进去一问就不是这价格了
小米,2021-05-10,1,全是低价假房源，点进去一问就不是这价格了
小米,2021-05-09,5,链家还是挺好用的
小米,2021-05-09,5,链家还是挺好用的
小米,2021-05-08,5,很暖心，很好，希价格更真实
小米,2021-05-07,1,呵呵，是我的城市不配吗
小米,2021-05-06,4,链家在国内中介中算比较正规的，可以信赖
小米,2021-05-06,5,不错
小米,2021-05-06,5,好用
小米,2021-05-06,5,好用
小米,2021-04-27,5,不错
小米,2021-04-27,5,比贝壳找房好用，广告少很多，也流畅很多
小米,2021-04-25,5,只有它真实
小米,2021-04-25,5,只有它真实
小米,2021-04-21,5,挺好的
小米,2021-04-20,5,好用，好评
小米,2021-04-20,5,还不错
小米,2021-03-23,5,很好，信息真实有效。
小米,2021-03-22,1,软件太黑，联系一个经理人，信息就暴露了，还是贝壳联系我，所以链家的APP是贝壳经营喽
小米,2021-03-22,5,相信品牌
小米,2021-03-22,5,相信品牌
小米,2021-03-22,1,链家也是大公司了，app却还是5万块外包的水平，这块的责任人难辞其咎。
小米,2021-03-20,5,目前来看挺好用的
小米,2021-03-20,5,目前来看挺好用的
小米,2021-03-20,1,看着看着就想卸载
小米,2021-03-20,1,看着看着就想卸载
小米,2021-03-19,3,不错
小米,2021-03-19,3,不错
小米,2021-03-19,5,强哥的车去吧皮卡丘
小米,2021-03-17,5,不错
小米,2021-03-15,5,还挺不错的
小米,2021-03-15,5,还挺不错的
小米,2021-03-14,5,房子很好，介绍的很详细功能齐全
小米,2021-03-14,5,房子很好，介绍的很详细功能齐全
小米,2021-03-14,5,链家很好用，全景很实在
小米,2021-03-14,5,链家很好用，全景很实在
小米,2021-03-12,4,还不错
小米,2021-03-12,4,还不错
小米,2021-03-12,1,软件做好点吧，总是黑屏，没网。
小米,2021-03-10,5,不错
小米,2021-03-03,5,不错不错
小米,2021-03-03,5,不错不错
小米,2021-03-03,1,广告
小米,2021-03-03,1,广告
小米,2021-02-28,5,好用
小米,2021-02-28,1,中介费一个月房租，你们怎么不去抢呢？
小米,2021-02-28,5,不错(*๓´╰╯`๓)♡
小米,2021-02-27,5,房源真实，vr看房，介绍节约了不少时间
小米,2021-02-26,5,北京链家口碑不错，房源多，管理也正规
小米,2021-02-26,5,北京链家口碑不错，房源多，管理也正规
小米,2021-02-25,1,差评都特麽要钱
小米,2021-02-23,5,很好
小米,2021-02-23,5,很好
小米,2021-02-23,5,买房菜鸟，希望能通过这个平台找到喜欢的房子，挺好用的一个平台
小米,2021-02-22,1,电话查人怎么回事
小米,2021-02-22,5,不错
小米,2021-02-21,3,房源太少
小米,2021-02-20,1,经纪人素质真差
小米,2021-02-08,1,极差
小米,2021-02-07,1,启动页面那男的太吓人了，啥时候能换掉？
小米,2021-02-06,5,"不错
"
小米,2021-02-05,5,不错
小米,2021-02-05,5,不错
小米,2021-02-05,1,如果根据通勤找房功能不好使，就不要上线。设置好30分钟内通勤半径的房源，结果出来的房子距离公司通勤时长一个半小时，无语了。
小米,2021-02-03,5,不错
小米,2021-02-03,5,不错
小米,2021-02-01,5,这个软件确实很方便，中介也很负责
小米,2021-02-01,5,非常好的看房软件
小米,2021-02-01,5,非常好的看房软件
小米,2021-01-29,1,为了找客服，用手机号注册，第二天就收到了推销电话，还不在我住的地域，唉至于吗
小米,2021-01-29,1,差评！中介服务！我垫付交的钱，回手转给我女朋友？？？我攒钱容易吗？？？下载APP就是为了差评！！！
小米,2021-01-27,5,好评
小米,2021-01-27,5,好评
小米,2021-01-27,5,还可以
小米,2021-01-22,5,找房好助手
小米,2021-01-22,5,非常好
小米,2021-01-22,5,非常好
小米,2021-01-22,5,不错
小米,2021-01-19,5,房源真实，服务周到
小米,2021-01-19,5,房源真实，服务周到
小米,2021-01-19,5,666
小米,2021-01-18,4,挺好用的，但是还可以继续优化，比如关键字查询
小米,2021-01-17,5,还行吧！
小米,2021-01-14,5,好评，希望客户多一些
小米,2021-01-11,2,为什么不能删除浏览记录啊，强迫症看着好烦。
小米,2021-01-11,2,为什么不能删除浏览记录啊，强迫症看着好烦。
小米,2021-01-10,3,刚用不知道信息真假
小米,2021-01-09,1,家庭套餐移动下载，没用的东西
小米,2021-01-09,3,我就不懂了，启动的时候你要读取我的相册和社交应用文件干嘛？
小米,2021-01-05,5,出租房子
小米,2021-01-05,5,租房子在上面找挺方便的
小米,2021-01-05,5,租房子在上面找挺方便的
小米,2021-01-04,5,链家网络还是很庞大的
小米,2021-01-04,5,链家网络还是很庞大的
小米,2021-01-03,5,好用
小米,2021-01-03,1,我住的城市居然没有开通。
小米,2021-01-02,5,目前看还可以
小米,2021-01-02,5,目前看还可以
小米,2020-12-31,1,不咋地  住的地方都没有  是你这个软件落后还是我辽宁落后
小米,2020-12-31,1,我在鹰潭市，居然没有我的城市，而安居客有，真实用户，非水军
小米,2020-12-29,5,真房源，交易安全，有保障，值的信赖，国民品牌
小米,2020-12-29,5,不错
小米,2020-12-28,5,不错很好，谢谢
小米,2020-12-24,1,太差，一星都不想给，出价功能只能按照系统设定的最低值出，请问凭什么？
小米,2020-12-23,1,使用体验太差，总是连不上网
小米,2020-12-20,1,不知道怎么下载的，自己出现在我的手机里了
小米,2020-12-19,1,太少了
小米,2020-12-16,5,非常好，用起来方便，快速找到合适房源
小米,2020-12-16,5,可以
小米,2020-12-14,5,很好
小米,2020-12-09,1,差。
小米,2020-12-08,1,APP里的房和实际的房唯一共同点就是有电，渣渣，好评不确定，差评基本都是真实的
小米,2020-12-07,1,电话一接通直接叫我兄弟你这边是买房的嘛...
小米,2020-12-05,5,比别家app好用多了，很流畅
小米,2020-12-03,3,这上面的房子真吗？
小米,2020-12-01,2,太扯淡，很多城市都没有！
小米,2020-11-30,1,好评大多数是平台经纪人刷出来的吧，软件经常过去个人隐私信息，获取定位权限，读取手机通讯录，这种权限早就该被禁止的！
小米,2020-11-29,2,推送消息关不掉。设置中全部关掉但是还会有消息进来，不胜其烦
小米,2020-11-26,5,帮人问的对这方面不太了解，客服很耐心的解答了
小米,2020-11-26,1,没有我们这的城市
小米,2020-11-21,5,好评
小米,2020-11-20,5,不错
小米,2020-11-16,1,城市覆盖范围
小米,2020-11-16,5,深圳平湖可以找我( ๑‾̀◡‾́)σ»
小米,2020-11-12,1,被迫下的
小米,2020-11-08,3,确实可以，比其他app规范
小米,2020-11-07,5,很真实，很不错
小米,2020-11-07,5,好用！
小米,2020-11-07,1,差评，我们大宿迁都没有房子吗！？
小米,2020-11-06,5,呵呵呀
小米,2020-11-06,5,能清晰看到自己的房子，不错哦
小米,2020-11-05,5,可以的
小米,2020-11-04,5,好用 真实 良心
小米,2020-11-03,1,房源信息假的，两居室变五居室。租房500元变1800元。我准备住之前交100意向金。然后看房后不住了。那100意向金就不退了。人把我一删除，就不理我了。叫卓世界的客服。
小米,2020-11-02,5,还可以吧，虽然在看还没决定
小米,2020-10-31,5,希望保持初心，别学安居客，安居客那个价格和实际价格差了几万一平，坑人
小米,2020-10-25,3,不能按照指定楼层搜索，非常不方便。
小米,2020-10-24,5,里面的资料很全，很喜欢
小米,2020-10-24,5,还可以
小米,2020-10-24,1,VR看房经常黑屏。小程序反而没问题不会黑。告诉我这不是我一个人……
小米,2020-10-23,5,不错
小米,2020-10-21,1,中介多
小米,2020-10-21,3,一般般
小米,2020-10-20,1,今天天气不好。
小米,2020-10-19,5,挺好
小米,2020-10-17,5,很好
小米,2020-10-13,5,为人民服务的app
小米,2020-10-12,1,用户无法对经纪人的工作进行评价，以至于此软件无法形成良性的成长
小米,2020-10-12,1,所在城市一直不支持，那有什么用？
小米,2020-10-11,5,好用，房源全
小米,2020-10-11,5,不错
小米,2020-10-08,5,挺好的。
小米,2020-10-03,5,真实有效的信息给我了
魅族,2021-08-30,4,挺好
魅族,2021-08-03,5," 080ho u nuo 
jiiu
uu
mumummx、。？、，户？、"
魅族,2021-06-14,5,非常棒
魅族,2021-05-12,5,好用
魅族,2021-05-07,3,VR看房就得个摆设，根本用不了
魅族,2021-03-26,4,用着再说
魅族,2021-03-25,5,不错
魅族,2021-01-02,2,有需要我会问 能不能别来电话-_-
魅族,2020-12-17,5,pro7plus闪退，怎么处理？
魅族,2020-11-09,1,浏览就自动下载，流氓！
